epoch,accuracy,loss,val_accuracy,val_loss
0,0.3217693865299225,1.471494197845459,0.3706898093223572,1.690246820449829
